이름, 나이, 주소

park,28,양주
kim,13,의정부
choi,31,서울
park,28,양주
kim,13,의정부
choi,31,서울
park,28,양주
kim,13,의정부
choi,31,서울
park,28,양주
kim,13,의정부
choi,31,서울
park,28,양주
kim,13,의정부
choi,31,서울
park,28,양주
kim,13,의정부
choi,31,서울
park,28,양주
kim,13,의정부
choi,31,서울
park,28,양주
kim,13,의정부
choi,31,서울
park,28,양주
kim,13,의정부
choi,31,서울
park,28,양주
kim,13,의정부
choi,31,서울
park,28,양주
kim,13,의정부
choi,31,서울
park,28,양주
kim,13,의정부
choi,31,서울
park,28,양주
kim,13,의정부
choi,31,서울
park,28,양주
kim,13,의정부
choi,31,서울
park,28,양주
kim,13,의정부
choi,31,서울
park,28,양주
kim,13,의정부
choi,31,서울
park,28,양주
kim,13,의정부
choi,31,서울
park,28,양주
kim,13,의정부
choi,31,서울
park,28,양주
kim,13,의정부
choi,31,서울
park,28,양주
kim,13,의정부
choi,31,서울
park,28,양주
kim,13,의정부
choi,31,서울
park,28,양주
kim,13,의정부
choi,31,서울
park,28,양주
kim,13,의정부
choi,31,서울
park,28,양주
kim,13,의정부
choi,31,서울
park,28,양주
kim,13,의정부
choi,31,서울
park,28,양주
kim,13,의정부
choi,31,서울
park,28,양주
kim,13,의정부
choi,31,서울
park,28,양주
kim,13,의정부
choi,31,서울
park,28,양주
kim,13,의정부
choi,31,서울
park,28,양주
kim,13,의정부
choi,31,서울
park,28,양주
kim,13,의정부
choi,31,서울
park,28,양주
kim,13,의정부
choi,31,서울
park,28,양주
kim,13,의정부
choi,31,서울
park,28,양주
kim,13,의정부
choi,31,서울
park,28,양주
kim,13,의정부
choi,31,서울
park,28,양주
kim,13,의정부
choi,31,서울
park,28,양주
kim,13,의정부
choi,31,서울
park,28,양주
kim,13,의정부
choi,31,서울
park,28,양주
kim,13,의정부
choi,31,서울
